tag,bestAnswer,score
20001,1,6.104556E-1
20002,1,5.949127E-1
20003,1,8.981936E-1
20004,0,1.930532E-1
20005,1,8.928152E-1
20006,0,2.540718E-1
20007,1,6.065192E-1
20008,1,9.044181E-1
20009,1,5.797841E-1
20010,1,6.025106E-1
20011,0,1.980277E-1
20012,1,8.928152E-1
20013,1,8.981936E-1
20014,0,2.540718E-1
20015,1,8.928152E-1
